{
  "model": "MoritzLaurer/mDeBERTa-v3-base-mnli-xnli",
  "backend": "mdeberta_v3_mnli_xnli.v1",
  "threshold": 0.99550596,
  "validation": {
    "precision": 1.0,
    "recall": 0.7307692307692307,
    "f1": 0.8444444444444443,
    "false_positive_rate": 0.0,
    "accuracy": 0.8541666666666666,
    "support": 48,
    "threshold": 0.99550596
  }
}